Log File,Error Type,Count
Ms_webservices4.log1,DelegatingErrorHandlingRunnable,184
Ms_webservices4.log11620,DelegatingErrorHandlingRunnable,452
Ms_webservices4.log11621,DelegatingErrorHandlingRunnable,142
Ms_webservices4.log11622,DelegatingErrorHandlingRunnable,348
Ms_webservices4.log11623,DelegatingErrorHandlingRunnable,192
Ms_webservices4.log11624,DelegatingErrorHandlingRunnable,184
Ms_webservices4.log11625,DelegatingErrorHandlingRunnable,266
Ms_webservices4.log11626,DelegatingErrorHandlingRunnable,92
Ms_webservices4.log11627,DelegatingErrorHandlingRunnable,238
Ms_webservices4.log11628,DelegatingErrorHandlingRunnable,366
Ms_webservices4.log11629,DelegatingErrorHandlingRunnable,130
Ms_webservices4.log11630,DelegatingErrorHandlingRunnable,266
Ms_webservices4.log11631,DelegatingErrorHandlingRunnable,204
Ms_webservices4.log11632,DelegatingErrorHandlingRunnable,202
Ms_webservices4.log11633,DelegatingErrorHandlingRunnable,260
